,HPC,HDFS,Zookeeper,BGL,Proxifier
F1_measure,0.9783789519425594,1.0,0.9994619403259629,0.9991097099989784,0.7863975508554076
Accuracy,0.829,1.0,0.9615,0.939,0.5165
