,HPC,HDFS,Zookeeper,BGL,Proxifier
F1_measure,0.993032147837856,1.0,0.4447374828388396,0.3993526805537738,0.8133938871464091
Accuracy,0.8455,1.0,0.4375,0.1275,0.495
