,HPC,HDFS,Zookeeper,BGL,Proxifier
F1_measure,0.7130946542422758,0.9490947167241046,0.997528121349274,0.9104220197578108,0.9106545749163446
Accuracy,0.3455,0.492,0.561,0.217,0.4935
