,HDFS,Proxifier
F1_measure,0.9917665351791699,0.8651778817100589
Accuracy,0.8495,0.4935
