,HPC,HDFS,Zookeeper,BGL,Proxifier
F1_measure,0.9794325207119965,0.9658122018678019,0.9237658625362255,0.9552471684061185,0.7757994582332226
Accuracy,0.8385,0.545,0.7255,0.5725,0.518
